﻿ID,Work Item Type,Title,Assigned To,State,Tags,Iteration Path
"155","User Story","Finalize Project Plan (Gantt Chart)","Chuu Mong <mongc04@students.ecu.edu>","Closed",,"PEP_CRM\Sprint 6"
"154","Task","Update Project Plan","Chuu Mong <mongc04@students.ecu.edu>","Closed",,"PEP_CRM\Sprint 6"
"183","User Story","Finalize Project Description Documentation","Savannah Gray <grays19@students.ecu.edu>","Closed",,"PEP_CRM\Sprint 6"
"177","Task","Finalize explanation of why we chose this particular project?","Savannah Gray <grays19@students.ecu.edu>","Closed",,"PEP_CRM\Sprint 6"
"178","Task","Update Table of Contents","Savannah Gray <grays19@students.ecu.edu>","Closed",,"PEP_CRM\Sprint 6"
"179","Task","Finalize Executive Summary with Narrative and Conclusion","Savannah Gray <grays19@students.ecu.edu>","Closed",,"PEP_CRM\Sprint 6"
"180","Task","Finalize description of the current environment (system under study)","Savannah Gray <grays19@students.ecu.edu>","Closed",,"PEP_CRM\Sprint 6"
"181","Task","Finalize history and business description of the company (org chart, mission statement, etc.)","Savannah Gray <grays19@students.ecu.edu>","Closed",,"PEP_CRM\Sprint 6"
"182","Task","Finalize problems observed with the current system","Savannah Gray <grays19@students.ecu.edu>","Closed",,"PEP_CRM\Sprint 6"
"280","Task","Finalize Context Diagram","Chuu Mong <mongc04@students.ecu.edu>","Closed",,"PEP_CRM\Sprint 6"
"281","Task","Finalize Use Case Diagram","Chuu Mong <mongc04@students.ecu.edu>","Closed",,"PEP_CRM\Sprint 6"
"245","User Story","Sprint Documents Prepared - Copy","Aisha Chavis <chavisa17@students.ecu.edu>","Closed",,"PEP_CRM\Sprint 6"
"236","Task","Peer Evaluation - Chuu","Chuu Mong <mongc04@students.ecu.edu>","Closed",,"PEP_CRM\Sprint 6"
"237","Task","Group Evaluation","Aisha Chavis <chavisa17@students.ecu.edu>","Closed",,"PEP_CRM\Sprint 6"
"238","Task","Prepare Sprint 6 Stories","Kimberly Bradley <baileyki16@students.ecu.edu>","Closed",,"PEP_CRM\Sprint 6"
"239","Task","Prepare Sprint 6 Daily Scrum Meeting Log","Aisha Chavis <chavisa17@students.ecu.edu>","Closed",,"PEP_CRM\Sprint 6"
"240","Task","Prepare Powerpoint","Aisha Chavis <chavisa17@students.ecu.edu>","Closed",,"PEP_CRM\Sprint 6"
"241","Task","Prepare Sprint Burn Down Chart","Kimberly Bradley <baileyki16@students.ecu.edu>","Closed",,"PEP_CRM\Sprint 6"
"242","Task","Peer Evaluation - Savannah","Savannah Gray <grays19@students.ecu.edu>","Closed",,"PEP_CRM\Sprint 6"
"243","Task","Peer Evaluation - Aisha","Aisha Chavis <chavisa17@students.ecu.edu>","Closed",,"PEP_CRM\Sprint 6"
"244","Task","Peer Evaluation - Kimberly","Kimberly Bradley <baileyki16@students.ecu.edu>","Closed",,"PEP_CRM\Sprint 6"
"305","Task","Write personal reflections?","Chuu Mong <mongc04@students.ecu.edu>","Closed",,"PEP_CRM\Sprint 6"
"306","Task","Personal Reflection","Aisha Chavis <chavisa17@students.ecu.edu>","Closed",,"PEP_CRM\Sprint 6"
"307","Task","Personal Reflection","Savannah Gray <grays19@students.ecu.edu>","Closed",,"PEP_CRM\Sprint 6"
"308","Task","Personal Reflection","Kimberly Bradley <baileyki16@students.ecu.edu>","Closed",,"PEP_CRM\Sprint 6"
"257","User Story","Potentially Shippable Product Increment (PSPI) - Copy","Kimberly Bradley <baileyki16@students.ecu.edu>","Closed",,"PEP_CRM\Sprint 6"
"256","Task","Dev on Potentially Shippable Product Increment (PSPI)","Kimberly Bradley <baileyki16@students.ecu.edu>","Closed",,"PEP_CRM\Sprint 6"
"279","User Story","Finalize Previous Work","Chuu Mong <mongc04@students.ecu.edu>","Closed",,"PEP_CRM\Sprint 6"
"282","Task","Finalize Non-Functional Requirements","Aisha Chavis <chavisa17@students.ecu.edu>","Closed",,"PEP_CRM\Sprint 6"
"283","Task","Finalize DFD Lvl 0","Savannah Gray <grays19@students.ecu.edu>","Closed",,"PEP_CRM\Sprint 6"
"284","Task","Finalize DFD lvl 1","Savannah Gray <grays19@students.ecu.edu>","Closed",,"PEP_CRM\Sprint 6"
"285","Task","Finalize ERD","Chuu Mong <mongc04@students.ecu.edu>","Closed",,"PEP_CRM\Sprint 6"
"286","Task","Finalize Program Plan/IPO Chart","Savannah Gray <grays19@students.ecu.edu>","Closed",,"PEP_CRM\Sprint 6"
"287","Task","Finalize Navigation Diagram","Chuu Mong <mongc04@students.ecu.edu>","Closed",,"PEP_CRM\Sprint 6"
"288","Task","Finalize Training Manual","Aisha Chavis <chavisa17@students.ecu.edu>","Closed",,"PEP_CRM\Sprint 6"
"289","Task","Finalize Technical Documentation","Chuu Mong <mongc04@students.ecu.edu>","Closed",,"PEP_CRM\Sprint 6"
"290","Task","Finalize Transition/Migration Plan","Savannah Gray <grays19@students.ecu.edu>","Closed",,"PEP_CRM\Sprint 6"
"291","User Story","Information about accessing actual product",,"Closed",,"PEP_CRM\Sprint 6"
"292","Task","Information about accessing actual product",,"Closed",,"PEP_CRM\Sprint 6"