﻿ID,Work Item Type,Title,Assigned To,State,Iteration Path
75,User Story,Update Use Cases & Diagram,Chuu Mong <mongc04@students.ecu.edu>,Closed,PEP_CRM\Sprint 2
74,Task,Update Use Case Diagram,Chuu Mong <mongc04@students.ecu.edu>,Closed,PEP_CRM\Sprint 2
77,User Story,Develop Preliminary Non-Functional Requirements,Aisha Chavis <chavisa17@students.ecu.edu>,Closed,PEP_CRM\Sprint 2
78,Task,Develop Preliminary Non-Functional Requirements,Aisha Chavis <chavisa17@students.ecu.edu>,Closed,PEP_CRM\Sprint 2
86,User Story,Updated Context Diagram,Aisha Chavis <chavisa17@students.ecu.edu>,Closed,PEP_CRM\Sprint 2
85,Task,Updated Context Diagram,Aisha Chavis <chavisa17@students.ecu.edu>,Closed,PEP_CRM\Sprint 2
96,User Story,Sprint Documents Prepared,Savannah Gray <grays19@students.ecu.edu>,Closed,PEP_CRM\Sprint 2
87,Task,Prepare Sprint Burn Down Chart,Kimberly Bradley <baileyki16@students.ecu.edu>,Closed,PEP_CRM\Sprint 2
88,Task,Peer Evaluation - Savannah,Savannah Gray <grays19@students.ecu.edu>,Closed,PEP_CRM\Sprint 2
89,Task,Prepare Sprint 2 Daily Scrum Meeting Log,Chuu Mong <mongc04@students.ecu.edu>,Closed,PEP_CRM\Sprint 2
90,Task,Group Evaluation,Aisha Chavis <chavisa17@students.ecu.edu>,Closed,PEP_CRM\Sprint 2
91,Task,Prepare Initial Product Backlog,Kimberly Bradley <baileyki16@students.ecu.edu>,Closed,PEP_CRM\Sprint 2
92,Task,Peer Evaluation - Chuu,Chuu Mong <mongc04@students.ecu.edu>,Closed,PEP_CRM\Sprint 2
93,Task,Prepare Sprint 2 Stories,Kimberly Bradley <baileyki16@students.ecu.edu>,Closed,PEP_CRM\Sprint 2
94,Task,Peer Evaluation - Aisha,Aisha Chavis <chavisa17@students.ecu.edu>,Closed,PEP_CRM\Sprint 2
95,Task,Peer Evaluation - Kimberly,Kimberly Bradley <baileyki16@students.ecu.edu>,Closed,PEP_CRM\Sprint 2
148,Task,Prepare Powerpoint,Aisha Chavis <chavisa17@students.ecu.edu>,Closed,PEP_CRM\Sprint 2
100,User Story,Potentially Shippable Product Increment (PSPI) ,Kimberly Bradley <baileyki16@students.ecu.edu>,Closed,PEP_CRM\Sprint 2
99,Task,Dev on Potentially Shippable Product Increment (PSPI),Kimberly Bradley <baileyki16@students.ecu.edu>,Closed,PEP_CRM\Sprint 2
101,User Story,Update Project Plan,Chuu Mong <mongc04@students.ecu.edu>,Closed,PEP_CRM\Sprint 2
102,Task,Update Project Plan,Chuu Mong <mongc04@students.ecu.edu>,Closed,PEP_CRM\Sprint 2
112,User Story,Update Project Description Documentation ,Savannah Gray <grays19@students.ecu.edu>,Closed,PEP_CRM\Sprint 2
105,Task,Update Executive Summary with Narrative and Conclusion,Savannah Gray <grays19@students.ecu.edu>,Closed,PEP_CRM\Sprint 2
109,Task,Update Table of Contents,Chuu Mong <mongc04@students.ecu.edu>,Closed,PEP_CRM\Sprint 2
