﻿ID,Work Item Type,Title,State,Iteration Path,Assigned To
75,User Story,Update Use Cases & Diagram,Closed,PEP_CRM\Sprint 2,Chuu Mong <mongc04@students.ecu.edu>
74,Task,Update Use Case Diagram,Closed,PEP_CRM\Sprint 2,Chuu Mong <mongc04@students.ecu.edu>
77,User Story,Develop Preliminary Non-Functional Requirements,Closed,PEP_CRM\Sprint 2,Aisha Chavis <chavisa17@students.ecu.edu>
78,Task,Develop Preliminary Non-Functional Requirements,Closed,PEP_CRM\Sprint 2,Aisha Chavis <chavisa17@students.ecu.edu>
86,User Story,Updated Context Diagram,Closed,PEP_CRM\Sprint 2,Aisha Chavis <chavisa17@students.ecu.edu>
85,Task,Updated Context Diagram,Closed,PEP_CRM\Sprint 2,Aisha Chavis <chavisa17@students.ecu.edu>
96,User Story,Sprint Documents Prepared,Closed,PEP_CRM\Sprint 2,Savannah Gray <grays19@students.ecu.edu>
87,Task,Prepare Sprint Burn Down Chart,Closed,PEP_CRM\Sprint 2,Kimberly Bradley <baileyki16@students.ecu.edu>
88,Task,Peer Evaluation - Savannah,Closed,PEP_CRM\Sprint 2,Savannah Gray <grays19@students.ecu.edu>
89,Task,Prepare Sprint 2 Daily Scrum Meeting Log,Closed,PEP_CRM\Sprint 2,Chuu Mong <mongc04@students.ecu.edu>
90,Task,Group Evaluation,Closed,PEP_CRM\Sprint 2,Aisha Chavis <chavisa17@students.ecu.edu>
91,Task,Prepare Initial Product Backlog,Closed,PEP_CRM\Sprint 2,Kimberly Bradley <baileyki16@students.ecu.edu>
92,Task,Peer Evaluation - Chuu,Closed,PEP_CRM\Sprint 2,Chuu Mong <mongc04@students.ecu.edu>
93,Task,Prepare Sprint 2 Stories,Closed,PEP_CRM\Sprint 2,Kimberly Bradley <baileyki16@students.ecu.edu>
94,Task,Peer Evaluation - Aisha,Closed,PEP_CRM\Sprint 2,Aisha Chavis <chavisa17@students.ecu.edu>
95,Task,Peer Evaluation - Kimberly,Closed,PEP_CRM\Sprint 2,Kimberly Bradley <baileyki16@students.ecu.edu>
148,Task,Prepare Powerpoint,Closed,PEP_CRM\Sprint 2,Aisha Chavis <chavisa17@students.ecu.edu>
100,User Story,Potentially Shippable Product Increment (PSPI) ,Closed,PEP_CRM\Sprint 2,Kimberly Bradley <baileyki16@students.ecu.edu>
99,Task,Dev on Potentially Shippable Product Increment (PSPI),Closed,PEP_CRM\Sprint 2,Kimberly Bradley <baileyki16@students.ecu.edu>
101,User Story,Update Project Plan,Closed,PEP_CRM\Sprint 2,Chuu Mong <mongc04@students.ecu.edu>
102,Task,Update Project Plan,Closed,PEP_CRM\Sprint 2,Chuu Mong <mongc04@students.ecu.edu>
112,User Story,Update Project Description Documentation ,Closed,PEP_CRM\Sprint 2,Savannah Gray <grays19@students.ecu.edu>
105,Task,Update Executive Summary with Narrative and Conclusion,Closed,PEP_CRM\Sprint 2,Savannah Gray <grays19@students.ecu.edu>
109,Task,Update Table of Contents,Closed,PEP_CRM\Sprint 2,Chuu Mong <mongc04@students.ecu.edu>
122,User Story,Update Project Description Documentation,New,PEP_CRM\Sprint 3,Savannah Gray <grays19@students.ecu.edu>
113,Task,Update explanation of why we chose this particular project?,New,PEP_CRM\Sprint 3,Savannah Gray <grays19@students.ecu.edu>
114,Task,Update description of the current environment (system under study),New,PEP_CRM\Sprint 3,Savannah Gray <grays19@students.ecu.edu>
115,Task,Update Executive Summary with Narrative and Conclusion,New,PEP_CRM\Sprint 3,Savannah Gray <grays19@students.ecu.edu>
117,Task,Update Table of Contents,New,PEP_CRM\Sprint 3,Chuu Mong <mongc04@students.ecu.edu>
118,Task,"Update history and business description of the company (org chart, mission statement, etc.)",New,PEP_CRM\Sprint 3,Savannah Gray <grays19@students.ecu.edu>
120,Task,Update problems observed with the current system,New,PEP_CRM\Sprint 3,Savannah Gray <grays19@students.ecu.edu>
132,User Story,Sprint Documents Prepared,New,PEP_CRM\Sprint 3,Aisha Chavis <chavisa17@students.ecu.edu>
123,Task,Prepare Sprint 2 Daily Scrum Meeting Log,New,PEP_CRM\Sprint 3,Chuu Mong <mongc04@students.ecu.edu>
124,Task,Prepare Sprint Burn Down Chart,New,PEP_CRM\Sprint 3,Kimberly Bradley <baileyki16@students.ecu.edu>
125,Task,Peer Evaluation - Savannah,New,PEP_CRM\Sprint 3,Savannah Gray <grays19@students.ecu.edu>
126,Task,Peer Evaluation - Aisha,New,PEP_CRM\Sprint 3,Aisha Chavis <chavisa17@students.ecu.edu>
127,Task,Peer Evaluation - Kimberly,New,PEP_CRM\Sprint 3,Kimberly Bradley <baileyki16@students.ecu.edu>
128,Task,Peer Evaluation - Chuu,New,PEP_CRM\Sprint 3,Chuu Mong <mongc04@students.ecu.edu>
129,Task,Prepare Sprint 3 Stories,New,PEP_CRM\Sprint 3,Kimberly Bradley <baileyki16@students.ecu.edu>
131,Task,Group Evaluation,New,PEP_CRM\Sprint 3,Aisha Chavis <chavisa17@students.ecu.edu>
149,Task,Prepare Powerpoint,New,PEP_CRM\Sprint 3,Aisha Chavis <chavisa17@students.ecu.edu>
133,User Story,Application Design Components,New,PEP_CRM\Sprint 3,Aisha Chavis <chavisa17@students.ecu.edu>
13,Task,Complete Data Flow Diagram Package,New,PEP_CRM\Sprint 3,Aisha Chavis <chavisa17@students.ecu.edu>
14,Task,Hardware and Software Specification,New,PEP_CRM\Sprint 3,Aisha Chavis <chavisa17@students.ecu.edu>
15,Task,Navigation Diagram,New,PEP_CRM\Sprint 3,Chuu Mong <mongc04@students.ecu.edu>
16,Task,Entity Relationship Diagrams,New,PEP_CRM\Sprint 3,Aisha Chavis <chavisa17@students.ecu.edu>
142,Task,Mock-Ups Forms and Reports,New,PEP_CRM\Sprint 3,Chuu Mong <mongc04@students.ecu.edu>
143,Task,Create Sample Reports,New,PEP_CRM\Sprint 3,Kimberly Bradley <baileyki16@students.ecu.edu>
135,User Story,Update Project Plan,New,PEP_CRM\Sprint 3,Chuu Mong <mongc04@students.ecu.edu>
134,Task,Update Project Plan,New,PEP_CRM\Sprint 3,Chuu Mong <mongc04@students.ecu.edu>
137,User Story,Updated Context Diagram,New,PEP_CRM\Sprint 3,Aisha Chavis <chavisa17@students.ecu.edu>
136,Task,Initial Context Diagram,New,PEP_CRM\Sprint 3,Aisha Chavis <chavisa17@students.ecu.edu>
139,User Story,Potentially Shippable Product Increment (PSPI),New,PEP_CRM\Sprint 3,Kimberly Bradley <baileyki16@students.ecu.edu>
138,Task,Dev on Potentially Shippable Product Increment (PSPI),New,PEP_CRM\Sprint 3,Kimberly Bradley <baileyki16@students.ecu.edu>
141,User Story,Develop Detailed Non-Functional Requirements,New,PEP_CRM\Sprint 3,Chuu Mong <mongc04@students.ecu.edu>
140,Task,Develop Detailed Non-Functional Requirements,New,PEP_CRM\Sprint 3,Chuu Mong <mongc04@students.ecu.edu>
267,User Story,Program Plan showing logic and I/Os (IPO Chart with each program listed),New,PEP_CRM\Sprint 3,Chuu Mong <mongc04@students.ecu.edu>
264,Task,"Pseudocode, Flowchar tor IPO chart which outline sthe processes and logic of each program",New,PEP_CRM\Sprint 3,Savannah Gray <grays19@students.ecu.edu>
265,Task,List of programsplanned with a description of what each program will do,New,PEP_CRM\Sprint 3,Chuu Mong <mongc04@students.ecu.edu>
266,Task,Inputs and outputs for each program.(may be included in IPO chart if you chose IPO to outline your processes),New,PEP_CRM\Sprint 3,Aisha Chavis <chavisa17@students.ecu.edu>
151,User Story,Update Project Plan,New,PEP_CRM\Sprint 4,Chuu Mong <mongc04@students.ecu.edu>
150,Task,Update Project Plan,New,PEP_CRM\Sprint 4,Chuu Mong <mongc04@students.ecu.edu>
162,User Story,Update Project Description Documentation - Copy,New,PEP_CRM\Sprint 4,Savannah Gray <grays19@students.ecu.edu>
157,Task,Update Table of Contents,New,PEP_CRM\Sprint 4,Chuu Mong <mongc04@students.ecu.edu>
158,Task,Update Executive Summary with Narrative and Conclusion,New,PEP_CRM\Sprint 4,Savannah Gray <grays19@students.ecu.edu>
193,User Story,Sprint Documents Prepared - Copy,New,PEP_CRM\Sprint 4,Aisha Chavis <chavisa17@students.ecu.edu>
184,Task,Peer Evaluation - Chuu,New,PEP_CRM\Sprint 4,Chuu Mong <mongc04@students.ecu.edu>
185,Task,Group Evaluation,New,PEP_CRM\Sprint 4,Aisha Chavis <chavisa17@students.ecu.edu>
186,Task,Prepare Sprint 4 Stories,New,PEP_CRM\Sprint 4,Kimberly Bradley <baileyki16@students.ecu.edu>
187,Task,Prepare Sprint 4 Daily Scrum Meeting Log,New,PEP_CRM\Sprint 4,Chuu Mong <mongc04@students.ecu.edu>
188,Task,Prepare Powerpoint,New,PEP_CRM\Sprint 4,Aisha Chavis <chavisa17@students.ecu.edu>
189,Task,Prepare Sprint Burn Down Chart,New,PEP_CRM\Sprint 4,Kimberly Bradley <baileyki16@students.ecu.edu>
190,Task,Peer Evaluation - Savannah,New,PEP_CRM\Sprint 4,Savannah Gray <grays19@students.ecu.edu>
191,Task,Peer Evaluation - Aisha,New,PEP_CRM\Sprint 4,Aisha Chavis <chavisa17@students.ecu.edu>
192,Task,Peer Evaluation - Kimberly,New,PEP_CRM\Sprint 4,Kimberly Bradley <baileyki16@students.ecu.edu>
253,User Story,Potentially Shippable Product Increment (PSPI) - Copy,New,PEP_CRM\Sprint 4,Kimberly Bradley <baileyki16@students.ecu.edu>
252,Task,Dev on Potentially Shippable Product Increment (PSPI),New,PEP_CRM\Sprint 4,Kimberly Bradley <baileyki16@students.ecu.edu>
271,User Story,Training Documentation,New,PEP_CRM\Sprint 4,
272,Task,Choice of Training modes,New,PEP_CRM\Sprint 4,
273,Task,Narrative and screen shots from your presentation.,New,PEP_CRM\Sprint 4,
274,Task,Create Initial Training Manual/Documentation,New,PEP_CRM\Sprint 4,
275,User Story,Technical Documentation,New,PEP_CRM\Sprint 4,
276,Task,Create Initial Technical Manual/Documentation,New,PEP_CRM\Sprint 4,
153,User Story,Update Project Plan - Copy,New,PEP_CRM\Sprint 5,Chuu Mong <mongc04@students.ecu.edu>
152,Task,Update Project Plan,New,PEP_CRM\Sprint 5,Chuu Mong <mongc04@students.ecu.edu>
176,User Story,Update Project Description Documentation - Copy,New,PEP_CRM\Sprint 5,Savannah Gray <grays19@students.ecu.edu>
170,Task,Update explanation of why we chose this particular project?,New,PEP_CRM\Sprint 5,Savannah Gray <grays19@students.ecu.edu>
171,Task,Update Table of Contents,New,PEP_CRM\Sprint 5,Kimberly Bradley <baileyki16@students.ecu.edu>
172,Task,Update Executive Summary with Narrative and Conclusion,New,PEP_CRM\Sprint 5,Savannah Gray <grays19@students.ecu.edu>
173,Task,Update description of the current environment (system under study),New,PEP_CRM\Sprint 5,Savannah Gray <grays19@students.ecu.edu>
175,Task,Update problems observed with the current system,New,PEP_CRM\Sprint 5,Savannah Gray <grays19@students.ecu.edu>
203,User Story,Sprint Documents Prepared - Copy,New,PEP_CRM\Sprint 5,Aisha Chavis <chavisa17@students.ecu.edu>
194,Task,Peer Evaluation - Chuu,New,PEP_CRM\Sprint 5,Chuu Mong <mongc04@students.ecu.edu>
195,Task,Group Evaluation,New,PEP_CRM\Sprint 5,Aisha Chavis <chavisa17@students.ecu.edu>
196,Task,Prepare Sprint 5 Stories,New,PEP_CRM\Sprint 5,Kimberly Bradley <baileyki16@students.ecu.edu>
197,Task,Prepare Sprint 5 Daily Scrum Meeting Log,New,PEP_CRM\Sprint 5,Aisha Chavis <chavisa17@students.ecu.edu>
198,Task,Prepare Powerpoint,New,PEP_CRM\Sprint 5,Aisha Chavis <chavisa17@students.ecu.edu>
199,Task,Prepare Sprint Burn Down Chart,New,PEP_CRM\Sprint 5,Kimberly Bradley <baileyki16@students.ecu.edu>
200,Task,Peer Evaluation - Savannah,New,PEP_CRM\Sprint 5,Savannah Gray <grays19@students.ecu.edu>
201,Task,Peer Evaluation - Aisha,New,PEP_CRM\Sprint 5,Aisha Chavis <chavisa17@students.ecu.edu>
202,Task,Peer Evaluation - Kimberly,New,PEP_CRM\Sprint 5,Kimberly Bradley <baileyki16@students.ecu.edu>
255,User Story,Potentially Shippable Product Increment (PSPI) - Copy,New,PEP_CRM\Sprint 5,Kimberly Bradley <baileyki16@students.ecu.edu>
254,Task,Dev on Potentially Shippable Product Increment (PSPI),New,PEP_CRM\Sprint 5,Kimberly Bradley <baileyki16@students.ecu.edu>
277,User Story,Work on Transition Plan,New,PEP_CRM\Sprint 5,
278,Task,Initial Migration Plan,New,PEP_CRM\Sprint 5,
155,User Story,Finalize Project Plan (Gantt Chart),New,PEP_CRM\Sprint 6,Chuu Mong <mongc04@students.ecu.edu>
154,Task,Update Project Plan,New,PEP_CRM\Sprint 6,Chuu Mong <mongc04@students.ecu.edu>
183,User Story,Finalize Project Description Documentation,New,PEP_CRM\Sprint 6,Savannah Gray <grays19@students.ecu.edu>
177,Task,Finalize explanation of why we chose this particular project?,New,PEP_CRM\Sprint 6,Savannah Gray <grays19@students.ecu.edu>
178,Task,Update Table of Contents,New,PEP_CRM\Sprint 6,Kimberly Bradley <baileyki16@students.ecu.edu>
179,Task,Finalize Executive Summary with Narrative and Conclusion,New,PEP_CRM\Sprint 6,Savannah Gray <grays19@students.ecu.edu>
180,Task,Finalize description of the current environment (system under study),New,PEP_CRM\Sprint 6,Savannah Gray <grays19@students.ecu.edu>
181,Task,"Finalize history and business description of the company (org chart, mission statement, etc.)",New,PEP_CRM\Sprint 6,Savannah Gray <grays19@students.ecu.edu>
182,Task,Finalize problems observed with the current system,New,PEP_CRM\Sprint 6,Savannah Gray <grays19@students.ecu.edu>
280,Task,Finalize Context Diagram,New,PEP_CRM\Sprint 6,
281,Task,Finalize Use Case Diagram,New,PEP_CRM\Sprint 6,
245,User Story,Sprint Documents Prepared - Copy,New,PEP_CRM\Sprint 6,Aisha Chavis <chavisa17@students.ecu.edu>
236,Task,Peer Evaluation - Chuu,New,PEP_CRM\Sprint 6,Chuu Mong <mongc04@students.ecu.edu>
237,Task,Group Evaluation,New,PEP_CRM\Sprint 6,Aisha Chavis <chavisa17@students.ecu.edu>
238,Task,Prepare Sprint 6 Stories,New,PEP_CRM\Sprint 6,Kimberly Bradley <baileyki16@students.ecu.edu>
239,Task,Prepare Sprint 6 Daily Scrum Meeting Log,New,PEP_CRM\Sprint 6,Aisha Chavis <chavisa17@students.ecu.edu>
240,Task,Prepare Powerpoint,New,PEP_CRM\Sprint 6,Aisha Chavis <chavisa17@students.ecu.edu>
241,Task,Prepare Sprint Burn Down Chart,New,PEP_CRM\Sprint 6,Kimberly Bradley <baileyki16@students.ecu.edu>
242,Task,Peer Evaluation - Savannah,New,PEP_CRM\Sprint 6,Savannah Gray <grays19@students.ecu.edu>
243,Task,Peer Evaluation - Aisha,New,PEP_CRM\Sprint 6,Aisha Chavis <chavisa17@students.ecu.edu>
244,Task,Peer Evaluation - Kimberly,New,PEP_CRM\Sprint 6,Kimberly Bradley <baileyki16@students.ecu.edu>
257,User Story,Potentially Shippable Product Increment (PSPI) - Copy,New,PEP_CRM\Sprint 6,Kimberly Bradley <baileyki16@students.ecu.edu>
256,Task,Dev on Potentially Shippable Product Increment (PSPI),New,PEP_CRM\Sprint 6,Kimberly Bradley <baileyki16@students.ecu.edu>
279,User Story,Finalize Previous Work,New,PEP_CRM\Sprint 6,
282,Task,Finalize Non-Functional Requirements,New,PEP_CRM\Sprint 6,
283,Task,Finalize DFD Lvl 0,New,PEP_CRM\Sprint 6,
284,Task,Finalize DFD lvl 1,New,PEP_CRM\Sprint 6,
285,Task,Finalize ERD,New,PEP_CRM\Sprint 6,
286,Task,Finalize Program Plan/IPO Chart,New,PEP_CRM\Sprint 6,
287,Task,Finalize Navigation Diagram,New,PEP_CRM\Sprint 6,
288,Task,Finalize Training Manual,New,PEP_CRM\Sprint 6,
289,Task,Finalize Technical Documentation,New,PEP_CRM\Sprint 6,
290,Task,Finalize Transition/Migration Plan,New,PEP_CRM\Sprint 6,
291,User Story,Information about accessing actual product,New,PEP_CRM\Sprint 6,
292,Task,Information about accessing actual product,New,PEP_CRM\Sprint 6,
